{
  "mse": 4.236770064855158,
  "r2": 0.011564842702749156,
  "pearson_corr": 0.43757650599269704,
  "pearson_p": 3.364588779057518e-79,
  "spearman_corr": 0.3369750300828993,
  "spearman_p": 1.0592982593873476e-45,
  "test_size": 1673,
  "prediction_stats": {
    "min": -5.453641414642334,
    "max": 9.20248031616211,
    "mean": 0.982961893081665,
    "num_positive": 1195,
    "num_negative": 478
  }
}