Protein,Pearson_r,Pearson_p,Spearman_r,Spearman_p
1b25_d,0.547431317467913,1.0976056796986477e-49,0.5197217560424738,4.0156683018817725e-44
