{
  "parameters": {
    "hidden_dim": 512,
    "num_hidden_layers": 3,
    "dropout_rate": 0.2,
    "learning_rate": 0.01,
    "patience": 15,
    "window_size": 7
  },
  "metrics": {
    "mse": 3.6708321832642516,
    "r2": 0.14359770982741427,
    "pearson_corr": 0.48544293436326574,
    "spearman_corr": 0.36771752453002643
  }
}